{
  "info": {
    "name": "SMS Labs (Jakarta EE)",
    "_postman_id": "c2a4b0c7-aaaa-bbbb-cccc-1234567890ab",
    "schema": "https://schema.getpostman.com/json/collection/v2.1.0/collection.json"
  },
  "variable": [
    {
      "key": "baseUrl",
      "value": "http://localhost:8080"
    }
  ],
  "item": [
    {
      "name": "Lab02 - List Students",
      "request": {
        "method": "GET",
        "header": [
          {
            "key": "Accept",
            "value": "application/json"
          }
        ],
        "url": {
          "raw": "{{baseUrl}}/lab02-rest/api/students",
          "host": [
            "{{baseUrl}}"
          ],
          "path": [
            "lab02-rest",
            "api",
            "students"
          ]
        }
      }
    },
    {
      "name": "Lab02 - Create Student",
      "request": {
        "method": "POST",
        "header": [
          {
            "key": "Content-Type",
            "value": "application/json"
          }
        ],
        "body": {
          "mode": "raw",
          "raw": "{\"firstName\": \"Ada\", \"lastName\": \"Lovelace\", \"email\": \"ada@uni.edu\", \"studentNo\": \"2025/00001\"}"
        },
        "url": {
          "raw": "{{baseUrl}}/lab02-rest/api/students",
          "host": [
            "{{baseUrl}}"
          ],
          "path": [
            "lab02-rest",
            "api",
            "students"
          ]
        }
      }
    },
    {
      "name": "Lab03 - Diagnostics",
      "request": {
        "method": "GET",
        "header": [
          {
            "key": "Accept",
            "value": "application/json"
          }
        ],
        "url": {
          "raw": "{{baseUrl}}/lab03-json/api/json/diagnostics",
          "host": [
            "{{baseUrl}}"
          ],
          "path": [
            "lab03-json",
            "api",
            "json",
            "diagnostics"
          ]
        }
      }
    },
    {
      "name": "Lab06 - JPA Students (list)",
      "request": {
        "method": "GET",
        "header": [
          {
            "key": "Accept",
            "value": "application/json"
          }
        ],
        "url": {
          "raw": "{{baseUrl}}/lab06-persistence/api/students",
          "host": [
            "{{baseUrl}}"
          ],
          "path": [
            "lab06-persistence",
            "api",
            "students"
          ]
        }
      }
    },
    {
      "name": "Lab07 - WebSocket Notifications",
      "protocolProfileBehavior": {
        "strictSSL": false
      },
      "request": {
        "method": "GET",
        "url": {
          "raw": "ws://localhost:8080/lab07-websocket/ws/notifications/admin"
        }
      }
    },
    {
      "name": "Lab08 - Protected Admin Page (JSF)",
      "request": {
        "method": "GET",
        "url": {
          "raw": "{{baseUrl}}/lab08-security/admin/index.xhtml",
          "host": [
            "{{baseUrl}}"
          ],
          "path": [
            "lab08-security",
            "admin",
            "index.xhtml"
          ]
        }
      }
    },
    {
      "name": "Lab09 - Upload Students CSV",
      "request": {
        "method": "POST",
        "header": [
          {
            "key": "Content-Type",
            "value": "multipart/form-data"
          }
        ],
        "body": {
          "mode": "formdata",
          "formdata": [
            {
              "key": "file",
              "type": "file",
              "src": [
                "./sample-students.csv"
              ]
            }
          ]
        },
        "url": {
          "raw": "{{baseUrl}}/lab09-servlet/admin/upload/students",
          "host": [
            "{{baseUrl}}"
          ],
          "path": [
            "lab09-servlet",
            "admin",
            "upload",
            "students"
          ]
        }
      }
    },
    {
      "name": "Lab12 - Create Course (Validation)",
      "request": {
        "method": "POST",
        "header": [
          {
            "key": "Content-Type",
            "value": "application/json"
          }
        ],
        "body": {
          "mode": "raw",
          "raw": "{\"courseCode\": \"CSC101\", \"title\": \"Programming I\", \"credits\": 16}"
        },
        "url": {
          "raw": "{{baseUrl}}/lab12-validation/api/courses",
          "host": [
            "{{baseUrl}}"
          ],
          "path": [
            "lab12-validation",
            "api",
            "courses"
          ]
        }
      }
    },
    {
      "name": "Lab13 - SOAP WSDL",
      "request": {
        "method": "GET",
        "url": {
          "raw": "{{baseUrl}}/lab13-soap/StudentVerificationService?wsdl",
          "host": [
            "{{baseUrl}}"
          ],
          "path": [
            "lab13-soap",
            "StudentVerificationService"
          ],
          "query": [
            {
              "key": "wsdl",
              "value": ""
            }
          ]
        }
      }
    }
  ]
}